feature,label,boundary
dataset/ipn_hand\features_keypoint_delta\1CM1_4_R_#229.npy,dataset/ipn_hand\gt_arr\1CM1_4_R_#229.npy,dataset/ipn_hand\gt_boundary_arr\1CM1_4_R_#229.npy
dataset/ipn_hand\features_keypoint_delta\1CM1_4_R_#230.npy,dataset/ipn_hand\gt_arr\1CM1_4_R_#230.npy,dataset/ipn_hand\gt_boundary_arr\1CM1_4_R_#230.npy
dataset/ipn_hand\features_keypoint_delta\1CM1_4_R_#231.npy,dataset/ipn_hand\gt_arr\1CM1_4_R_#231.npy,dataset/ipn_hand\gt_boundary_arr\1CM1_4_R_#231.npy
dataset/ipn_hand\features_keypoint_delta\1CM1_4_R_#232.npy,dataset/ipn_hand\gt_arr\1CM1_4_R_#232.npy,dataset/ipn_hand\gt_boundary_arr\1CM1_4_R_#232.npy
dataset/ipn_hand\features_keypoint_delta\1CM42_11_R_#205.npy,dataset/ipn_hand\gt_arr\1CM42_11_R_#205.npy,dataset/ipn_hand\gt_boundary_arr\1CM42_11_R_#205.npy
dataset/ipn_hand\features_keypoint_delta\1CM42_11_R_#206.npy,dataset/ipn_hand\gt_arr\1CM42_11_R_#206.npy,dataset/ipn_hand\gt_boundary_arr\1CM42_11_R_#206.npy
dataset/ipn_hand\features_keypoint_delta\1CM42_11_R_#207.npy,dataset/ipn_hand\gt_arr\1CM42_11_R_#207.npy,dataset/ipn_hand\gt_boundary_arr\1CM42_11_R_#207.npy
dataset/ipn_hand\features_keypoint_delta\1CM42_11_R_#208.npy,dataset/ipn_hand\gt_arr\1CM42_11_R_#208.npy,dataset/ipn_hand\gt_boundary_arr\1CM42_11_R_#208.npy
dataset/ipn_hand\features_keypoint_delta\1CM42_12_R_#157.npy,dataset/ipn_hand\gt_arr\1CM42_12_R_#157.npy,dataset/ipn_hand\gt_boundary_arr\1CM42_12_R_#157.npy
dataset/ipn_hand\features_keypoint_delta\1CM42_12_R_#159.npy,dataset/ipn_hand\gt_arr\1CM42_12_R_#159.npy,dataset/ipn_hand\gt_boundary_arr\1CM42_12_R_#159.npy
dataset/ipn_hand\features_keypoint_delta\1CM42_12_R_#160.npy,dataset/ipn_hand\gt_arr\1CM42_12_R_#160.npy,dataset/ipn_hand\gt_boundary_arr\1CM42_12_R_#160.npy
dataset/ipn_hand\features_keypoint_delta\1CM42_13_R_#141.npy,dataset/ipn_hand\gt_arr\1CM42_13_R_#141.npy,dataset/ipn_hand\gt_boundary_arr\1CM42_13_R_#141.npy
dataset/ipn_hand\features_keypoint_delta\1CM42_13_R_#142.npy,dataset/ipn_hand\gt_arr\1CM42_13_R_#142.npy,dataset/ipn_hand\gt_boundary_arr\1CM42_13_R_#142.npy
dataset/ipn_hand\features_keypoint_delta\1CM42_13_R_#143.npy,dataset/ipn_hand\gt_arr\1CM42_13_R_#143.npy,dataset/ipn_hand\gt_boundary_arr\1CM42_13_R_#143.npy
dataset/ipn_hand\features_keypoint_delta\1CM42_13_R_#144.npy,dataset/ipn_hand\gt_arr\1CM42_13_R_#144.npy,dataset/ipn_hand\gt_boundary_arr\1CM42_13_R_#144.npy
dataset/ipn_hand\features_keypoint_delta\1CM42_17_R_#189.npy,dataset/ipn_hand\gt_arr\1CM42_17_R_#189.npy,dataset/ipn_hand\gt_boundary_arr\1CM42_17_R_#189.npy
dataset/ipn_hand\features_keypoint_delta\1CM42_17_R_#190.npy,dataset/ipn_hand\gt_arr\1CM42_17_R_#190.npy,dataset/ipn_hand\gt_boundary_arr\1CM42_17_R_#190.npy
dataset/ipn_hand\features_keypoint_delta\1CM42_17_R_#191.npy,dataset/ipn_hand\gt_arr\1CM42_17_R_#191.npy,dataset/ipn_hand\gt_boundary_arr\1CM42_17_R_#191.npy
dataset/ipn_hand\features_keypoint_delta\1CM42_18_R_#177.npy,dataset/ipn_hand\gt_arr\1CM42_18_R_#177.npy,dataset/ipn_hand\gt_boundary_arr\1CM42_18_R_#177.npy
dataset/ipn_hand\features_keypoint_delta\1CM42_18_R_#178.npy,dataset/ipn_hand\gt_arr\1CM42_18_R_#178.npy,dataset/ipn_hand\gt_boundary_arr\1CM42_18_R_#178.npy
dataset/ipn_hand\features_keypoint_delta\1CM42_18_R_#179.npy,dataset/ipn_hand\gt_arr\1CM42_18_R_#179.npy,dataset/ipn_hand\gt_boundary_arr\1CM42_18_R_#179.npy
dataset/ipn_hand\features_keypoint_delta\1CM42_18_R_#180.npy,dataset/ipn_hand\gt_arr\1CM42_18_R_#180.npy,dataset/ipn_hand\gt_boundary_arr\1CM42_18_R_#180.npy
dataset/ipn_hand\features_keypoint_delta\1CM42_21_R_#153.npy,dataset/ipn_hand\gt_arr\1CM42_21_R_#153.npy,dataset/ipn_hand\gt_boundary_arr\1CM42_21_R_#153.npy
dataset/ipn_hand\features_keypoint_delta\1CM42_21_R_#154.npy,dataset/ipn_hand\gt_arr\1CM42_21_R_#154.npy,dataset/ipn_hand\gt_boundary_arr\1CM42_21_R_#154.npy
dataset/ipn_hand\features_keypoint_delta\1CM42_21_R_#155.npy,dataset/ipn_hand\gt_arr\1CM42_21_R_#155.npy,dataset/ipn_hand\gt_boundary_arr\1CM42_21_R_#155.npy
dataset/ipn_hand\features_keypoint_delta\1CM42_21_R_#156.npy,dataset/ipn_hand\gt_arr\1CM42_21_R_#156.npy,dataset/ipn_hand\gt_boundary_arr\1CM42_21_R_#156.npy
dataset/ipn_hand\features_keypoint_delta\1CM42_26_R_#173.npy,dataset/ipn_hand\gt_arr\1CM42_26_R_#173.npy,dataset/ipn_hand\gt_boundary_arr\1CM42_26_R_#173.npy
dataset/ipn_hand\features_keypoint_delta\1CM42_26_R_#175.npy,dataset/ipn_hand\gt_arr\1CM42_26_R_#175.npy,dataset/ipn_hand\gt_boundary_arr\1CM42_26_R_#175.npy
dataset/ipn_hand\features_keypoint_delta\1CM42_26_R_#176.npy,dataset/ipn_hand\gt_arr\1CM42_26_R_#176.npy,dataset/ipn_hand\gt_boundary_arr\1CM42_26_R_#176.npy
dataset/ipn_hand\features_keypoint_delta\1CM42_32_R_#169.npy,dataset/ipn_hand\gt_arr\1CM42_32_R_#169.npy,dataset/ipn_hand\gt_boundary_arr\1CM42_32_R_#169.npy
dataset/ipn_hand\features_keypoint_delta\1CM42_32_R_#170.npy,dataset/ipn_hand\gt_arr\1CM42_32_R_#170.npy,dataset/ipn_hand\gt_boundary_arr\1CM42_32_R_#170.npy
dataset/ipn_hand\features_keypoint_delta\1CM42_32_R_#171.npy,dataset/ipn_hand\gt_arr\1CM42_32_R_#171.npy,dataset/ipn_hand\gt_boundary_arr\1CM42_32_R_#171.npy
dataset/ipn_hand\features_keypoint_delta\1CM42_32_R_#172.npy,dataset/ipn_hand\gt_arr\1CM42_32_R_#172.npy,dataset/ipn_hand\gt_boundary_arr\1CM42_32_R_#172.npy
dataset/ipn_hand\features_keypoint_delta\1CM42_3_R_#193.npy,dataset/ipn_hand\gt_arr\1CM42_3_R_#193.npy,dataset/ipn_hand\gt_boundary_arr\1CM42_3_R_#193.npy
dataset/ipn_hand\features_keypoint_delta\1CM42_3_R_#194.npy,dataset/ipn_hand\gt_arr\1CM42_3_R_#194.npy,dataset/ipn_hand\gt_boundary_arr\1CM42_3_R_#194.npy
dataset/ipn_hand\features_keypoint_delta\1CM42_3_R_#195.npy,dataset/ipn_hand\gt_arr\1CM42_3_R_#195.npy,dataset/ipn_hand\gt_boundary_arr\1CM42_3_R_#195.npy
dataset/ipn_hand\features_keypoint_delta\1CM42_4_R_#185.npy,dataset/ipn_hand\gt_arr\1CM42_4_R_#185.npy,dataset/ipn_hand\gt_boundary_arr\1CM42_4_R_#185.npy
dataset/ipn_hand\features_keypoint_delta\1CM42_4_R_#186.npy,dataset/ipn_hand\gt_arr\1CM42_4_R_#186.npy,dataset/ipn_hand\gt_boundary_arr\1CM42_4_R_#186.npy
dataset/ipn_hand\features_keypoint_delta\1CM42_4_R_#187.npy,dataset/ipn_hand\gt_arr\1CM42_4_R_#187.npy,dataset/ipn_hand\gt_boundary_arr\1CM42_4_R_#187.npy
dataset/ipn_hand\features_keypoint_delta\1CM42_4_R_#188.npy,dataset/ipn_hand\gt_arr\1CM42_4_R_#188.npy,dataset/ipn_hand\gt_boundary_arr\1CM42_4_R_#188.npy
dataset/ipn_hand\features_keypoint_delta\1CM42_6_R_#161.npy,dataset/ipn_hand\gt_arr\1CM42_6_R_#161.npy,dataset/ipn_hand\gt_boundary_arr\1CM42_6_R_#161.npy
dataset/ipn_hand\features_keypoint_delta\1CM42_6_R_#162.npy,dataset/ipn_hand\gt_arr\1CM42_6_R_#162.npy,dataset/ipn_hand\gt_boundary_arr\1CM42_6_R_#162.npy
dataset/ipn_hand\features_keypoint_delta\1CM42_6_R_#163.npy,dataset/ipn_hand\gt_arr\1CM42_6_R_#163.npy,dataset/ipn_hand\gt_boundary_arr\1CM42_6_R_#163.npy
dataset/ipn_hand\features_keypoint_delta\1CM42_6_R_#164.npy,dataset/ipn_hand\gt_arr\1CM42_6_R_#164.npy,dataset/ipn_hand\gt_boundary_arr\1CM42_6_R_#164.npy
dataset/ipn_hand\features_keypoint_delta\1CM42_7_L_#201.npy,dataset/ipn_hand\gt_arr\1CM42_7_L_#201.npy,dataset/ipn_hand\gt_boundary_arr\1CM42_7_L_#201.npy
dataset/ipn_hand\features_keypoint_delta\1CM42_7_L_#203.npy,dataset/ipn_hand\gt_arr\1CM42_7_L_#203.npy,dataset/ipn_hand\gt_boundary_arr\1CM42_7_L_#203.npy
dataset/ipn_hand\features_keypoint_delta\1CM42_7_L_#204.npy,dataset/ipn_hand\gt_arr\1CM42_7_L_#204.npy,dataset/ipn_hand\gt_boundary_arr\1CM42_7_L_#204.npy
dataset/ipn_hand\features_keypoint_delta\1CM42_9_R_#165.npy,dataset/ipn_hand\gt_arr\1CM42_9_R_#165.npy,dataset/ipn_hand\gt_boundary_arr\1CM42_9_R_#165.npy
dataset/ipn_hand\features_keypoint_delta\1CM42_9_R_#166.npy,dataset/ipn_hand\gt_arr\1CM42_9_R_#166.npy,dataset/ipn_hand\gt_boundary_arr\1CM42_9_R_#166.npy
dataset/ipn_hand\features_keypoint_delta\1CM42_9_R_#167.npy,dataset/ipn_hand\gt_arr\1CM42_9_R_#167.npy,dataset/ipn_hand\gt_boundary_arr\1CM42_9_R_#167.npy
dataset/ipn_hand\features_keypoint_delta\1CM42_9_R_#168.npy,dataset/ipn_hand\gt_arr\1CM42_9_R_#168.npy,dataset/ipn_hand\gt_boundary_arr\1CM42_9_R_#168.npy
dataset/ipn_hand\features_keypoint_delta\1CV12_13_R_#93.npy,dataset/ipn_hand\gt_arr\1CV12_13_R_#93.npy,dataset/ipn_hand\gt_boundary_arr\1CV12_13_R_#93.npy
dataset/ipn_hand\features_keypoint_delta\1CV12_13_R_#94.npy,dataset/ipn_hand\gt_arr\1CV12_13_R_#94.npy,dataset/ipn_hand\gt_boundary_arr\1CV12_13_R_#94.npy
dataset/ipn_hand\features_keypoint_delta\1CV12_13_R_#95.npy,dataset/ipn_hand\gt_arr\1CV12_13_R_#95.npy,dataset/ipn_hand\gt_boundary_arr\1CV12_13_R_#95.npy
dataset/ipn_hand\features_keypoint_delta\1CV12_16_R_#105.npy,dataset/ipn_hand\gt_arr\1CV12_16_R_#105.npy,dataset/ipn_hand\gt_boundary_arr\1CV12_16_R_#105.npy
dataset/ipn_hand\features_keypoint_delta\1CV12_16_R_#106.npy,dataset/ipn_hand\gt_arr\1CV12_16_R_#106.npy,dataset/ipn_hand\gt_boundary_arr\1CV12_16_R_#106.npy
dataset/ipn_hand\features_keypoint_delta\1CV12_16_R_#107.npy,dataset/ipn_hand\gt_arr\1CV12_16_R_#107.npy,dataset/ipn_hand\gt_boundary_arr\1CV12_16_R_#107.npy
dataset/ipn_hand\features_keypoint_delta\1CV12_16_R_#108.npy,dataset/ipn_hand\gt_arr\1CV12_16_R_#108.npy,dataset/ipn_hand\gt_boundary_arr\1CV12_16_R_#108.npy
dataset/ipn_hand\features_keypoint_delta\1CV12_1_R_#65.npy,dataset/ipn_hand\gt_arr\1CV12_1_R_#65.npy,dataset/ipn_hand\gt_boundary_arr\1CV12_1_R_#65.npy
dataset/ipn_hand\features_keypoint_delta\1CV12_1_R_#66.npy,dataset/ipn_hand\gt_arr\1CV12_1_R_#66.npy,dataset/ipn_hand\gt_boundary_arr\1CV12_1_R_#66.npy
dataset/ipn_hand\features_keypoint_delta\1CV12_1_R_#67.npy,dataset/ipn_hand\gt_arr\1CV12_1_R_#67.npy,dataset/ipn_hand\gt_boundary_arr\1CV12_1_R_#67.npy
dataset/ipn_hand\features_keypoint_delta\1CV12_1_R_#68.npy,dataset/ipn_hand\gt_arr\1CV12_1_R_#68.npy,dataset/ipn_hand\gt_boundary_arr\1CV12_1_R_#68.npy
dataset/ipn_hand\features_keypoint_delta\1CV12_22_R_#113.npy,dataset/ipn_hand\gt_arr\1CV12_22_R_#113.npy,dataset/ipn_hand\gt_boundary_arr\1CV12_22_R_#113.npy
dataset/ipn_hand\features_keypoint_delta\1CV12_22_R_#115.npy,dataset/ipn_hand\gt_arr\1CV12_22_R_#115.npy,dataset/ipn_hand\gt_boundary_arr\1CV12_22_R_#115.npy
dataset/ipn_hand\features_keypoint_delta\1CV12_22_R_#116.npy,dataset/ipn_hand\gt_arr\1CV12_22_R_#116.npy,dataset/ipn_hand\gt_boundary_arr\1CV12_22_R_#116.npy
dataset/ipn_hand\features_keypoint_delta\1CV12_23_R_#117.npy,dataset/ipn_hand\gt_arr\1CV12_23_R_#117.npy,dataset/ipn_hand\gt_boundary_arr\1CV12_23_R_#117.npy
dataset/ipn_hand\features_keypoint_delta\1CV12_23_R_#118.npy,dataset/ipn_hand\gt_arr\1CV12_23_R_#118.npy,dataset/ipn_hand\gt_boundary_arr\1CV12_23_R_#118.npy
dataset/ipn_hand\features_keypoint_delta\1CV12_23_R_#119.npy,dataset/ipn_hand\gt_arr\1CV12_23_R_#119.npy,dataset/ipn_hand\gt_boundary_arr\1CV12_23_R_#119.npy
dataset/ipn_hand\features_keypoint_delta\1CV12_23_R_#120.npy,dataset/ipn_hand\gt_arr\1CV12_23_R_#120.npy,dataset/ipn_hand\gt_boundary_arr\1CV12_23_R_#120.npy
dataset/ipn_hand\features_keypoint_delta\1CV12_2_R_#69.npy,dataset/ipn_hand\gt_arr\1CV12_2_R_#69.npy,dataset/ipn_hand\gt_boundary_arr\1CV12_2_R_#69.npy
dataset/ipn_hand\features_keypoint_delta\1CV12_2_R_#70.npy,dataset/ipn_hand\gt_arr\1CV12_2_R_#70.npy,dataset/ipn_hand\gt_boundary_arr\1CV12_2_R_#70.npy
dataset/ipn_hand\features_keypoint_delta\1CV12_2_R_#71.npy,dataset/ipn_hand\gt_arr\1CV12_2_R_#71.npy,dataset/ipn_hand\gt_boundary_arr\1CV12_2_R_#71.npy
dataset/ipn_hand\features_keypoint_delta\1CV12_6_R_#77.npy,dataset/ipn_hand\gt_arr\1CV12_6_R_#77.npy,dataset/ipn_hand\gt_boundary_arr\1CV12_6_R_#77.npy
dataset/ipn_hand\features_keypoint_delta\1CV12_6_R_#78.npy,dataset/ipn_hand\gt_arr\1CV12_6_R_#78.npy,dataset/ipn_hand\gt_boundary_arr\1CV12_6_R_#78.npy
dataset/ipn_hand\features_keypoint_delta\1CV12_6_R_#79.npy,dataset/ipn_hand\gt_arr\1CV12_6_R_#79.npy,dataset/ipn_hand\gt_boundary_arr\1CV12_6_R_#79.npy
dataset/ipn_hand\features_keypoint_delta\1CV12_6_R_#80.npy,dataset/ipn_hand\gt_arr\1CV12_6_R_#80.npy,dataset/ipn_hand\gt_boundary_arr\1CV12_6_R_#80.npy
dataset/ipn_hand\features_keypoint_delta\1CV12_7_R_#81.npy,dataset/ipn_hand\gt_arr\1CV12_7_R_#81.npy,dataset/ipn_hand\gt_boundary_arr\1CV12_7_R_#81.npy
dataset/ipn_hand\features_keypoint_delta\1CV12_7_R_#82.npy,dataset/ipn_hand\gt_arr\1CV12_7_R_#82.npy,dataset/ipn_hand\gt_boundary_arr\1CV12_7_R_#82.npy
dataset/ipn_hand\features_keypoint_delta\1CV12_7_R_#83.npy,dataset/ipn_hand\gt_arr\1CV12_7_R_#83.npy,dataset/ipn_hand\gt_boundary_arr\1CV12_7_R_#83.npy
dataset/ipn_hand\features_keypoint_delta\1CV12_7_R_#84.npy,dataset/ipn_hand\gt_arr\1CV12_7_R_#84.npy,dataset/ipn_hand\gt_boundary_arr\1CV12_7_R_#84.npy
dataset/ipn_hand\features_keypoint_delta\1CV12_8_R_#85.npy,dataset/ipn_hand\gt_arr\1CV12_8_R_#85.npy,dataset/ipn_hand\gt_boundary_arr\1CV12_8_R_#85.npy
dataset/ipn_hand\features_keypoint_delta\1CV12_8_R_#87.npy,dataset/ipn_hand\gt_arr\1CV12_8_R_#87.npy,dataset/ipn_hand\gt_boundary_arr\1CV12_8_R_#87.npy
dataset/ipn_hand\features_keypoint_delta\1CV12_8_R_#88.npy,dataset/ipn_hand\gt_arr\1CV12_8_R_#88.npy,dataset/ipn_hand\gt_boundary_arr\1CV12_8_R_#88.npy
dataset/ipn_hand\features_keypoint_delta\4CM11_10_R_#53.npy,dataset/ipn_hand\gt_arr\4CM11_10_R_#53.npy,dataset/ipn_hand\gt_boundary_arr\4CM11_10_R_#53.npy
dataset/ipn_hand\features_keypoint_delta\4CM11_10_R_#54.npy,dataset/ipn_hand\gt_arr\4CM11_10_R_#54.npy,dataset/ipn_hand\gt_boundary_arr\4CM11_10_R_#54.npy
dataset/ipn_hand\features_keypoint_delta\4CM11_10_R_#55.npy,dataset/ipn_hand\gt_arr\4CM11_10_R_#55.npy,dataset/ipn_hand\gt_boundary_arr\4CM11_10_R_#55.npy
dataset/ipn_hand\features_keypoint_delta\4CM11_10_R_#56.npy,dataset/ipn_hand\gt_arr\4CM11_10_R_#56.npy,dataset/ipn_hand\gt_boundary_arr\4CM11_10_R_#56.npy
dataset/ipn_hand\features_keypoint_delta\4CM11_11_R_#1.npy,dataset/ipn_hand\gt_arr\4CM11_11_R_#1.npy,dataset/ipn_hand\gt_boundary_arr\4CM11_11_R_#1.npy
dataset/ipn_hand\features_keypoint_delta\4CM11_11_R_#2.npy,dataset/ipn_hand\gt_arr\4CM11_11_R_#2.npy,dataset/ipn_hand\gt_boundary_arr\4CM11_11_R_#2.npy
dataset/ipn_hand\features_keypoint_delta\4CM11_11_R_#3.npy,dataset/ipn_hand\gt_arr\4CM11_11_R_#3.npy,dataset/ipn_hand\gt_boundary_arr\4CM11_11_R_#3.npy
dataset/ipn_hand\features_keypoint_delta\4CM11_14_R_#21.npy,dataset/ipn_hand\gt_arr\4CM11_14_R_#21.npy,dataset/ipn_hand\gt_boundary_arr\4CM11_14_R_#21.npy
dataset/ipn_hand\features_keypoint_delta\4CM11_14_R_#22.npy,dataset/ipn_hand\gt_arr\4CM11_14_R_#22.npy,dataset/ipn_hand\gt_boundary_arr\4CM11_14_R_#22.npy
dataset/ipn_hand\features_keypoint_delta\4CM11_14_R_#23.npy,dataset/ipn_hand\gt_arr\4CM11_14_R_#23.npy,dataset/ipn_hand\gt_boundary_arr\4CM11_14_R_#23.npy
dataset/ipn_hand\features_keypoint_delta\4CM11_14_R_#24.npy,dataset/ipn_hand\gt_arr\4CM11_14_R_#24.npy,dataset/ipn_hand\gt_boundary_arr\4CM11_14_R_#24.npy
dataset/ipn_hand\features_keypoint_delta\4CM11_15_R_#25.npy,dataset/ipn_hand\gt_arr\4CM11_15_R_#25.npy,dataset/ipn_hand\gt_boundary_arr\4CM11_15_R_#25.npy
dataset/ipn_hand\features_keypoint_delta\4CM11_15_R_#26.npy,dataset/ipn_hand\gt_arr\4CM11_15_R_#26.npy,dataset/ipn_hand\gt_boundary_arr\4CM11_15_R_#26.npy
dataset/ipn_hand\features_keypoint_delta\4CM11_15_R_#27.npy,dataset/ipn_hand\gt_arr\4CM11_15_R_#27.npy,dataset/ipn_hand\gt_boundary_arr\4CM11_15_R_#27.npy
dataset/ipn_hand\features_keypoint_delta\4CM11_15_R_#28.npy,dataset/ipn_hand\gt_arr\4CM11_15_R_#28.npy,dataset/ipn_hand\gt_boundary_arr\4CM11_15_R_#28.npy
dataset/ipn_hand\features_keypoint_delta\4CM11_16_R_#209.npy,dataset/ipn_hand\gt_arr\4CM11_16_R_#209.npy,dataset/ipn_hand\gt_boundary_arr\4CM11_16_R_#209.npy
dataset/ipn_hand\features_keypoint_delta\4CM11_16_R_#211.npy,dataset/ipn_hand\gt_arr\4CM11_16_R_#211.npy,dataset/ipn_hand\gt_boundary_arr\4CM11_16_R_#211.npy
dataset/ipn_hand\features_keypoint_delta\4CM11_16_R_#212.npy,dataset/ipn_hand\gt_arr\4CM11_16_R_#212.npy,dataset/ipn_hand\gt_boundary_arr\4CM11_16_R_#212.npy
dataset/ipn_hand\features_keypoint_delta\4CM11_17_R_#13.npy,dataset/ipn_hand\gt_arr\4CM11_17_R_#13.npy,dataset/ipn_hand\gt_boundary_arr\4CM11_17_R_#13.npy
dataset/ipn_hand\features_keypoint_delta\4CM11_17_R_#14.npy,dataset/ipn_hand\gt_arr\4CM11_17_R_#14.npy,dataset/ipn_hand\gt_boundary_arr\4CM11_17_R_#14.npy
dataset/ipn_hand\features_keypoint_delta\4CM11_17_R_#15.npy,dataset/ipn_hand\gt_arr\4CM11_17_R_#15.npy,dataset/ipn_hand\gt_boundary_arr\4CM11_17_R_#15.npy
dataset/ipn_hand\features_keypoint_delta\4CM11_17_R_#16.npy,dataset/ipn_hand\gt_arr\4CM11_17_R_#16.npy,dataset/ipn_hand\gt_boundary_arr\4CM11_17_R_#16.npy
dataset/ipn_hand\features_keypoint_delta\4CM11_19_R_#17.npy,dataset/ipn_hand\gt_arr\4CM11_19_R_#17.npy,dataset/ipn_hand\gt_boundary_arr\4CM11_19_R_#17.npy
dataset/ipn_hand\features_keypoint_delta\4CM11_19_R_#18.npy,dataset/ipn_hand\gt_arr\4CM11_19_R_#18.npy,dataset/ipn_hand\gt_boundary_arr\4CM11_19_R_#18.npy
dataset/ipn_hand\features_keypoint_delta\4CM11_19_R_#19.npy,dataset/ipn_hand\gt_arr\4CM11_19_R_#19.npy,dataset/ipn_hand\gt_boundary_arr\4CM11_19_R_#19.npy
dataset/ipn_hand\features_keypoint_delta\4CM11_1_R_#13.npy,dataset/ipn_hand\gt_arr\4CM11_1_R_#13.npy,dataset/ipn_hand\gt_boundary_arr\4CM11_1_R_#13.npy
dataset/ipn_hand\features_keypoint_delta\4CM11_1_R_#14.npy,dataset/ipn_hand\gt_arr\4CM11_1_R_#14.npy,dataset/ipn_hand\gt_boundary_arr\4CM11_1_R_#14.npy
dataset/ipn_hand\features_keypoint_delta\4CM11_1_R_#15.npy,dataset/ipn_hand\gt_arr\4CM11_1_R_#15.npy,dataset/ipn_hand\gt_boundary_arr\4CM11_1_R_#15.npy
dataset/ipn_hand\features_keypoint_delta\4CM11_1_R_#16.npy,dataset/ipn_hand\gt_arr\4CM11_1_R_#16.npy,dataset/ipn_hand\gt_boundary_arr\4CM11_1_R_#16.npy
dataset/ipn_hand\features_keypoint_delta\4CM11_23_R_#25.npy,dataset/ipn_hand\gt_arr\4CM11_23_R_#25.npy,dataset/ipn_hand\gt_boundary_arr\4CM11_23_R_#25.npy
dataset/ipn_hand\features_keypoint_delta\4CM11_23_R_#26.npy,dataset/ipn_hand\gt_arr\4CM11_23_R_#26.npy,dataset/ipn_hand\gt_boundary_arr\4CM11_23_R_#26.npy
dataset/ipn_hand\features_keypoint_delta\4CM11_23_R_#27.npy,dataset/ipn_hand\gt_arr\4CM11_23_R_#27.npy,dataset/ipn_hand\gt_boundary_arr\4CM11_23_R_#27.npy
dataset/ipn_hand\features_keypoint_delta\4CM11_23_R_#28.npy,dataset/ipn_hand\gt_arr\4CM11_23_R_#28.npy,dataset/ipn_hand\gt_boundary_arr\4CM11_23_R_#28.npy
dataset/ipn_hand\features_keypoint_delta\4CM11_26_R_#5.npy,dataset/ipn_hand\gt_arr\4CM11_26_R_#5.npy,dataset/ipn_hand\gt_boundary_arr\4CM11_26_R_#5.npy
dataset/ipn_hand\features_keypoint_delta\4CM11_26_R_#7.npy,dataset/ipn_hand\gt_arr\4CM11_26_R_#7.npy,dataset/ipn_hand\gt_boundary_arr\4CM11_26_R_#7.npy
dataset/ipn_hand\features_keypoint_delta\4CM11_26_R_#8.npy,dataset/ipn_hand\gt_arr\4CM11_26_R_#8.npy,dataset/ipn_hand\gt_boundary_arr\4CM11_26_R_#8.npy
dataset/ipn_hand\features_keypoint_delta\4CM11_29_R_#57.npy,dataset/ipn_hand\gt_arr\4CM11_29_R_#57.npy,dataset/ipn_hand\gt_boundary_arr\4CM11_29_R_#57.npy
dataset/ipn_hand\features_keypoint_delta\4CM11_29_R_#58.npy,dataset/ipn_hand\gt_arr\4CM11_29_R_#58.npy,dataset/ipn_hand\gt_boundary_arr\4CM11_29_R_#58.npy
dataset/ipn_hand\features_keypoint_delta\4CM11_29_R_#59.npy,dataset/ipn_hand\gt_arr\4CM11_29_R_#59.npy,dataset/ipn_hand\gt_boundary_arr\4CM11_29_R_#59.npy
dataset/ipn_hand\features_keypoint_delta\4CM11_29_R_#60.npy,dataset/ipn_hand\gt_arr\4CM11_29_R_#60.npy,dataset/ipn_hand\gt_boundary_arr\4CM11_29_R_#60.npy
dataset/ipn_hand\features_keypoint_delta\4CM11_2_R_#37.npy,dataset/ipn_hand\gt_arr\4CM11_2_R_#37.npy,dataset/ipn_hand\gt_boundary_arr\4CM11_2_R_#37.npy
dataset/ipn_hand\features_keypoint_delta\4CM11_2_R_#38.npy,dataset/ipn_hand\gt_arr\4CM11_2_R_#38.npy,dataset/ipn_hand\gt_boundary_arr\4CM11_2_R_#38.npy
dataset/ipn_hand\features_keypoint_delta\4CM11_2_R_#39.npy,dataset/ipn_hand\gt_arr\4CM11_2_R_#39.npy,dataset/ipn_hand\gt_boundary_arr\4CM11_2_R_#39.npy
dataset/ipn_hand\features_keypoint_delta\4CM11_5_L_#10.npy,dataset/ipn_hand\gt_arr\4CM11_5_L_#10.npy,dataset/ipn_hand\gt_boundary_arr\4CM11_5_L_#10.npy
dataset/ipn_hand\features_keypoint_delta\4CM11_5_L_#11.npy,dataset/ipn_hand\gt_arr\4CM11_5_L_#11.npy,dataset/ipn_hand\gt_boundary_arr\4CM11_5_L_#11.npy
dataset/ipn_hand\features_keypoint_delta\4CM11_5_L_#12.npy,dataset/ipn_hand\gt_arr\4CM11_5_L_#12.npy,dataset/ipn_hand\gt_boundary_arr\4CM11_5_L_#12.npy
dataset/ipn_hand\features_keypoint_delta\4CM11_5_L_#9.npy,dataset/ipn_hand\gt_arr\4CM11_5_L_#9.npy,dataset/ipn_hand\gt_boundary_arr\4CM11_5_L_#9.npy
dataset/ipn_hand\features_keypoint_delta\4CM11_7_R_#33.npy,dataset/ipn_hand\gt_arr\4CM11_7_R_#33.npy,dataset/ipn_hand\gt_boundary_arr\4CM11_7_R_#33.npy
dataset/ipn_hand\features_keypoint_delta\4CM11_7_R_#34.npy,dataset/ipn_hand\gt_arr\4CM11_7_R_#34.npy,dataset/ipn_hand\gt_boundary_arr\4CM11_7_R_#34.npy
dataset/ipn_hand\features_keypoint_delta\4CM11_7_R_#35.npy,dataset/ipn_hand\gt_arr\4CM11_7_R_#35.npy,dataset/ipn_hand\gt_boundary_arr\4CM11_7_R_#35.npy
dataset/ipn_hand\features_keypoint_delta\4CM11_7_R_#36.npy,dataset/ipn_hand\gt_arr\4CM11_7_R_#36.npy,dataset/ipn_hand\gt_boundary_arr\4CM11_7_R_#36.npy
